seq,uri,label,subPropertyOf,range,unitMeasure
1,http://w3id.org/foodie/fadn#SE005,Economic size,http://purl.org/linked-data/sdmx/2009/measure#obsValue,http://www.w3.org/2001/XMLSchema#double,http://www.ontology-of-units-of-measure.org/resource/om-2/EconomicSizeUnit
2,http://w3id.org/foodie/fadn#SE010,Total labour input,http://purl.org/linked-data/sdmx/2009/measure#obsValue,http://www.w3.org/2001/XMLSchema#double,http://www.ontology-of-units-of-measure.org/resource/om-2/AnnualWorkUnit
3,http://w3id.org/foodie/fadn#SE011,Labour input,http://purl.org/linked-data/sdmx/2009/measure#obsValue,http://www.w3.org/2001/XMLSchema#double,http://www.ontology-of-units-of-measure.org/resource/om-2/hour
4,http://w3id.org/foodie/fadn#SE015,Unpaid labour input,http://purl.org/linked-data/sdmx/2009/measure#obsValue,http://www.w3.org/2001/XMLSchema#double,http://www.ontology-of-units-of-measure.org/resource/om-2/FamilyWorkUnit
5,http://w3id.org/foodie/fadn#SE016,Unpaid labour input,http://purl.org/linked-data/sdmx/2009/measure#obsValue,http://www.w3.org/2001/XMLSchema#double,http://www.ontology-of-units-of-measure.org/resource/om-2/hour
6,http://w3id.org/foodie/fadn#SE020,Paid labour input,http://purl.org/linked-data/sdmx/2009/measure#obsValue,http://www.w3.org/2001/XMLSchema#double,http://www.ontology-of-units-of-measure.org/resource/om-2/AnnualWorkUnit
7,http://w3id.org/foodie/fadn#SE021,Paid labour Input,http://purl.org/linked-data/sdmx/2009/measure#obsValue,http://www.w3.org/2001/XMLSchema#double,http://www.ontology-of-units-of-measure.org/resource/om-2/hour
8,http://w3id.org/foodie/fadn#SE025,Total Utilised Agricultural Area,http://purl.org/linked-data/sdmx/2009/measure#obsValue,http://www.w3.org/2001/XMLSchema#double,http://www.ontology-of-units-of-measure.org/resource/om-2/hectare
9,http://w3id.org/foodie/fadn#SE030,Rented U.A.A.,http://purl.org/linked-data/sdmx/2009/measure#obsValue,http://www.w3.org/2001/XMLSchema#double,http://www.ontology-of-units-of-measure.org/resource/om-2/hectare
10,http://w3id.org/foodie/fadn#SE035,Cereals,http://purl.org/linked-data/sdmx/2009/measure#obsValue,http://www.w3.org/2001/XMLSchema#double,http://www.ontology-of-units-of-measure.org/resource/om-2/hectare
11,http://w3id.org/foodie/fadn#SE041,Other field crops,http://purl.org/linked-data/sdmx/2009/measure#obsValue,http://www.w3.org/2001/XMLSchema#double,http://www.ontology-of-units-of-measure.org/resource/om-2/hectare
12,http://w3id.org/foodie/fadn#SE042,Energy crops,http://purl.org/linked-data/sdmx/2009/measure#obsValue,http://www.w3.org/2001/XMLSchema#double,http://www.ontology-of-units-of-measure.org/resource/om-2/hectare
13,http://w3id.org/foodie/fadn#SE046,Vegetables and flowers,http://purl.org/linked-data/sdmx/2009/measure#obsValue,http://www.w3.org/2001/XMLSchema#double,http://www.ontology-of-units-of-measure.org/resource/om-2/hectare
14,http://w3id.org/foodie/fadn#SE050,Vineyards,http://purl.org/linked-data/sdmx/2009/measure#obsValue,http://www.w3.org/2001/XMLSchema#double,http://www.ontology-of-units-of-measure.org/resource/om-2/hectare
15,http://w3id.org/foodie/fadn#SE054,Permanent crops,http://purl.org/linked-data/sdmx/2009/measure#obsValue,http://www.w3.org/2001/XMLSchema#double,http://www.ontology-of-units-of-measure.org/resource/om-2/hectare
16,http://w3id.org/foodie/fadn#SE055,Orchards,http://purl.org/linked-data/sdmx/2009/measure#obsValue,http://www.w3.org/2001/XMLSchema#double,http://www.ontology-of-units-of-measure.org/resource/om-2/hectare
17,http://w3id.org/foodie/fadn#SE060,Olive groves,http://purl.org/linked-data/sdmx/2009/measure#obsValue,http://www.w3.org/2001/XMLSchema#double,http://www.ontology-of-units-of-measure.org/resource/om-2/hectare
18,http://w3id.org/foodie/fadn#SE065,Other permanent crops,http://purl.org/linked-data/sdmx/2009/measure#obsValue,http://www.w3.org/2001/XMLSchema#double,http://www.ontology-of-units-of-measure.org/resource/om-2/hectare
19,http://w3id.org/foodie/fadn#SE071,Forage crops,http://purl.org/linked-data/sdmx/2009/measure#obsValue,http://www.w3.org/2001/XMLSchema#double,http://www.ontology-of-units-of-measure.org/resource/om-2/hectare
20,http://w3id.org/foodie/fadn#SE072,Agricultural fallows,http://purl.org/linked-data/sdmx/2009/measure#obsValue,http://www.w3.org/2001/XMLSchema#double,http://www.ontology-of-units-of-measure.org/resource/om-2/hectare
21,http://w3id.org/foodie/fadn#SE073,Set aside,http://purl.org/linked-data/sdmx/2009/measure#obsValue,http://www.w3.org/2001/XMLSchema#double,http://www.ontology-of-units-of-measure.org/resource/om-2/hectare
22,http://w3id.org/foodie/fadn#SE074,Total agricultural area out of production,http://purl.org/linked-data/sdmx/2009/measure#obsValue,http://www.w3.org/2001/XMLSchema#double,http://www.ontology-of-units-of-measure.org/resource/om-2/hectare
23,http://w3id.org/foodie/fadn#SE075,Woodland area,http://purl.org/linked-data/sdmx/2009/measure#obsValue,http://www.w3.org/2001/XMLSchema#double,http://www.ontology-of-units-of-measure.org/resource/om-2/hectare
24,http://w3id.org/foodie/fadn#SE080,Total livestock units,http://purl.org/linked-data/sdmx/2009/measure#obsValue,http://www.w3.org/2001/XMLSchema#double,http://www.ontology-of-units-of-measure.org/resource/om-2/Number
25,http://w3id.org/foodie/fadn#SE085,Dairy cows,http://purl.org/linked-data/sdmx/2009/measure#obsValue,http://www.w3.org/2001/XMLSchema#double,http://www.ontology-of-units-of-measure.org/resource/om-2/Number
26,http://w3id.org/foodie/fadn#SE086,Cattle dairy cows,http://purl.org/linked-data/sdmx/2009/measure#obsValue,http://www.w3.org/2001/XMLSchema#double,http://www.ontology-of-units-of-measure.org/resource/om-2/Number
27,http://w3id.org/foodie/fadn#SE087,Buffalo dairy cows,http://purl.org/linked-data/sdmx/2009/measure#obsValue,http://www.w3.org/2001/XMLSchema#double,http://www.ontology-of-units-of-measure.org/resource/om-2/Number
28,http://w3id.org/foodie/fadn#SE090,Other cattle,http://purl.org/linked-data/sdmx/2009/measure#obsValue,http://www.w3.org/2001/XMLSchema#double,http://www.ontology-of-units-of-measure.org/resource/om-2/Number
29,http://w3id.org/foodie/fadn#SE095,Sheep and goats,http://purl.org/linked-data/sdmx/2009/measure#obsValue,http://www.w3.org/2001/XMLSchema#double,http://www.ontology-of-units-of-measure.org/resource/om-2/Number
30,http://w3id.org/foodie/fadn#SE100,Pigs,http://purl.org/linked-data/sdmx/2009/measure#obsValue,http://www.w3.org/2001/XMLSchema#double,http://www.ontology-of-units-of-measure.org/resource/om-2/Number
31,http://w3id.org/foodie/fadn#SE105,Poultry,http://purl.org/linked-data/sdmx/2009/measure#obsValue,http://www.w3.org/2001/XMLSchema#double,http://www.ontology-of-units-of-measure.org/resource/om-2/Number
32,http://w3id.org/foodie/fadn#SE110,Yield of wheat,http://purl.org/linked-data/sdmx/2009/measure#obsValue,http://www.w3.org/2001/XMLSchema#double,http://www.ontology-of-units-of-measure.org/resource/om-2/kilogramPerHectare
33,http://w3id.org/foodie/fadn#SE110D,Yield of wheat D,http://purl.org/linked-data/sdmx/2009/measure#obsValue,http://www.w3.org/2001/XMLSchema#double,http://www.ontology-of-units-of-measure.org/resource/om-2/kilogramPerHectare
34,http://w3id.org/foodie/fadn#SE110N,Yield of wheat N,http://purl.org/linked-data/sdmx/2009/measure#obsValue,http://www.w3.org/2001/XMLSchema#double,http://www.ontology-of-units-of-measure.org/resource/om-2/kilogramPerHectare
35,http://w3id.org/foodie/fadn#SE115,Yield of maize,http://purl.org/linked-data/sdmx/2009/measure#obsValue,http://www.w3.org/2001/XMLSchema#double,http://www.ontology-of-units-of-measure.org/resource/om-2/kilogramPerHectare
36,http://w3id.org/foodie/fadn#SE115D,Yield of maize D,http://purl.org/linked-data/sdmx/2009/measure#obsValue,http://www.w3.org/2001/XMLSchema#double,http://www.ontology-of-units-of-measure.org/resource/om-2/kilogramPerHectare
37,http://w3id.org/foodie/fadn#SE115N,Yield of maize N,http://purl.org/linked-data/sdmx/2009/measure#obsValue,http://www.w3.org/2001/XMLSchema#double,http://www.ontology-of-units-of-measure.org/resource/om-2/kilogramPerHectare
38,http://w3id.org/foodie/fadn#SE120,Stocking density,http://purl.org/linked-data/sdmx/2009/measure#obsValue,http://www.w3.org/2001/XMLSchema#double,http://www.ontology-of-units-of-measure.org/resource/om-2/LivestockPerHectare
39,http://w3id.org/foodie/fadn#SE120D,Stocking density D,http://purl.org/linked-data/sdmx/2009/measure#obsValue,http://www.w3.org/2001/XMLSchema#double,http://www.ontology-of-units-of-measure.org/resource/om-2/LivestockPerHectare
40,http://w3id.org/foodie/fadn#SE120N,Stocking density N,http://purl.org/linked-data/sdmx/2009/measure#obsValue,http://www.w3.org/2001/XMLSchema#double,http://www.ontology-of-units-of-measure.org/resource/om-2/LivestockPerHectare
41,http://w3id.org/foodie/fadn#SE125,Milk yield,http://purl.org/linked-data/sdmx/2009/measure#obsValue,http://www.w3.org/2001/XMLSchema#double,http://www.ontology-of-units-of-measure.org/resource/om-2/KilogramOfMilkPerCattle
42,http://w3id.org/foodie/fadn#SE125D,Milk yield D,http://purl.org/linked-data/sdmx/2009/measure#obsValue,http://www.w3.org/2001/XMLSchema#double,http://www.ontology-of-units-of-measure.org/resource/om-2/KilogramOfMilkPerCattle
43,http://w3id.org/foodie/fadn#SE125N,Milk yield N,http://purl.org/linked-data/sdmx/2009/measure#obsValue,http://www.w3.org/2001/XMLSchema#double,http://www.ontology-of-units-of-measure.org/resource/om-2/KilogramOfMilkPerCattle
44,http://w3id.org/foodie/fadn#SE126,Milk yield cattle dairy cows,http://purl.org/linked-data/sdmx/2009/measure#obsValue,http://www.w3.org/2001/XMLSchema#double,http://www.ontology-of-units-of-measure.org/resource/om-2/KilogramOfMilkPerCattle
45,http://w3id.org/foodie/fadn#SE126D,Milk yield cattle dairy cows D,http://purl.org/linked-data/sdmx/2009/measure#obsValue,http://www.w3.org/2001/XMLSchema#double,http://www.ontology-of-units-of-measure.org/resource/om-2/KilogramOfMilkPerCattle
46,http://w3id.org/foodie/fadn#SE126N,Milk yield cattle dairy cows N,http://purl.org/linked-data/sdmx/2009/measure#obsValue,http://www.w3.org/2001/XMLSchema#double,http://www.ontology-of-units-of-measure.org/resource/om-2/KilogramOfMilkPerCattle
47,http://w3id.org/foodie/fadn#SE127,Milk yield buffalo dairy cows,http://purl.org/linked-data/sdmx/2009/measure#obsValue,http://www.w3.org/2001/XMLSchema#double,http://www.ontology-of-units-of-measure.org/resource/om-2/KilogramOfMilkPerCattle
48,http://w3id.org/foodie/fadn#SE127D,Milk yield buffalo dairy cows D,http://purl.org/linked-data/sdmx/2009/measure#obsValue,http://www.w3.org/2001/XMLSchema#double,http://www.ontology-of-units-of-measure.org/resource/om-2/KilogramOfMilkPerCattle
49,http://w3id.org/foodie/fadn#SE127N,Milk yield buffalo dairy cows N,http://purl.org/linked-data/sdmx/2009/measure#obsValue,http://www.w3.org/2001/XMLSchema#double,http://www.ontology-of-units-of-measure.org/resource/om-2/KilogramOfMilkPerCattle
50,http://w3id.org/foodie/fadn#SE131,Total output,http://purl.org/linked-data/sdmx/2009/measure#obsValue,http://www.w3.org/2001/XMLSchema#double,http://www.ontology-of-units-of-measure.org/resource/om-2/AmountOfMoney
51,http://w3id.org/foodie/fadn#SE132,Total output / Total input,http://purl.org/linked-data/sdmx/2009/measure#obsValue,http://www.w3.org/2001/XMLSchema#double,http://www.ontology-of-units-of-measure.org/resource/om-2/Ratio
52,http://w3id.org/foodie/fadn#SE132D,Total output / Total input D,http://purl.org/linked-data/sdmx/2009/measure#obsValue,http://www.w3.org/2001/XMLSchema#double,http://www.ontology-of-units-of-measure.org/resource/om-2/Ratio
53,http://w3id.org/foodie/fadn#SE132N,Total output / Total input N,http://purl.org/linked-data/sdmx/2009/measure#obsValue,http://www.w3.org/2001/XMLSchema#double,http://www.ontology-of-units-of-measure.org/resource/om-2/Ratio
54,http://w3id.org/foodie/fadn#SE135,Total output crops & crop production,http://purl.org/linked-data/sdmx/2009/measure#obsValue,http://www.w3.org/2001/XMLSchema#double,http://www.ontology-of-units-of-measure.org/resource/om-2/Number
55,http://w3id.org/foodie/fadn#SE136,Total crops output / ha,http://purl.org/linked-data/sdmx/2009/measure#obsValue,http://www.w3.org/2001/XMLSchema#double,http://www.ontology-of-units-of-measure.org/resource/om-2/AmountOfMoneyPerHectare
56,http://w3id.org/foodie/fadn#SE136D,Total crops output / ha D,http://purl.org/linked-data/sdmx/2009/measure#obsValue,http://www.w3.org/2001/XMLSchema#double,http://www.ontology-of-units-of-measure.org/resource/om-2/AmountOfMoneyPerHectare
57,http://w3id.org/foodie/fadn#SE136N,Total crops output / ha N,http://purl.org/linked-data/sdmx/2009/measure#obsValue,http://www.w3.org/2001/XMLSchema#double,http://www.ontology-of-units-of-measure.org/resource/om-2/AmountOfMoneyPerHectare
58,http://w3id.org/foodie/fadn#SE140,Cereals,http://purl.org/linked-data/sdmx/2009/measure#obsValue,http://www.w3.org/2001/XMLSchema#double,http://www.ontology-of-units-of-measure.org/resource/om-2/AmountOfMoney
59,http://w3id.org/foodie/fadn#SE145,Protein crops,http://purl.org/linked-data/sdmx/2009/measure#obsValue,http://www.w3.org/2001/XMLSchema#double,http://www.ontology-of-units-of-measure.org/resource/om-2/AmountOfMoney
60,http://w3id.org/foodie/fadn#SE146,Energy crops,http://purl.org/linked-data/sdmx/2009/measure#obsValue,http://www.w3.org/2001/XMLSchema#double,http://www.ontology-of-units-of-measure.org/resource/om-2/AmountOfMoney
61,http://w3id.org/foodie/fadn#SE150,Potatoes,http://purl.org/linked-data/sdmx/2009/measure#obsValue,http://www.w3.org/2001/XMLSchema#double,http://www.ontology-of-units-of-measure.org/resource/om-2/AmountOfMoney
62,http://w3id.org/foodie/fadn#SE155,Sugar beet,http://purl.org/linked-data/sdmx/2009/measure#obsValue,http://www.w3.org/2001/XMLSchema#double,http://www.ontology-of-units-of-measure.org/resource/om-2/AmountOfMoney
63,http://w3id.org/foodie/fadn#SE160,Oil-seed crops,http://purl.org/linked-data/sdmx/2009/measure#obsValue,http://www.w3.org/2001/XMLSchema#double,http://www.ontology-of-units-of-measure.org/resource/om-2/AmountOfMoney
64,http://w3id.org/foodie/fadn#SE165,Industrial crops,http://purl.org/linked-data/sdmx/2009/measure#obsValue,http://www.w3.org/2001/XMLSchema#double,http://www.ontology-of-units-of-measure.org/resource/om-2/AmountOfMoney
65,http://w3id.org/foodie/fadn#SE170,Vegetables & flowers,http://purl.org/linked-data/sdmx/2009/measure#obsValue,http://www.w3.org/2001/XMLSchema#double,http://www.ontology-of-units-of-measure.org/resource/om-2/AmountOfMoney
66,http://w3id.org/foodie/fadn#SE175,Fruit,http://purl.org/linked-data/sdmx/2009/measure#obsValue,http://www.w3.org/2001/XMLSchema#double,http://www.ontology-of-units-of-measure.org/resource/om-2/AmountOfMoney
67,http://w3id.org/foodie/fadn#SE180,Citrus fruit,http://purl.org/linked-data/sdmx/2009/measure#obsValue,http://www.w3.org/2001/XMLSchema#double,http://www.ontology-of-units-of-measure.org/resource/om-2/AmountOfMoney
68,http://w3id.org/foodie/fadn#SE185,Wine and grapes,http://purl.org/linked-data/sdmx/2009/measure#obsValue,http://www.w3.org/2001/XMLSchema#double,http://www.ontology-of-units-of-measure.org/resource/om-2/AmountOfMoney
69,http://w3id.org/foodie/fadn#SE190,Olives & olive oil,http://purl.org/linked-data/sdmx/2009/measure#obsValue,http://www.w3.org/2001/XMLSchema#double,http://www.ontology-of-units-of-measure.org/resource/om-2/AmountOfMoney
70,http://w3id.org/foodie/fadn#SE195,Forage crops,http://purl.org/linked-data/sdmx/2009/measure#obsValue,http://www.w3.org/2001/XMLSchema#double,http://www.ontology-of-units-of-measure.org/resource/om-2/AmountOfMoney
71,http://w3id.org/foodie/fadn#SE200,Other crop output,http://purl.org/linked-data/sdmx/2009/measure#obsValue,http://www.w3.org/2001/XMLSchema#double,http://www.ontology-of-units-of-measure.org/resource/om-2/AmountOfMoney
72,http://w3id.org/foodie/fadn#SE206,Total output livestock & livestock products,http://purl.org/linked-data/sdmx/2009/measure#obsValue,http://www.w3.org/2001/XMLSchema#double,http://www.ontology-of-units-of-measure.org/resource/om-2/AmountOfMoney
73,http://w3id.org/foodie/fadn#SE207,Total livestock output / LU,http://purl.org/linked-data/sdmx/2009/measure#obsValue,http://www.w3.org/2001/XMLSchema#double,http://www.ontology-of-units-of-measure.org/resource/om-2/AmountOfMoneyPerLivestockUnit
74,http://w3id.org/foodie/fadn#SE207D,Total livestock output / LU D,http://purl.org/linked-data/sdmx/2009/measure#obsValue,http://www.w3.org/2001/XMLSchema#double,http://www.ontology-of-units-of-measure.org/resource/om-2/AmountOfMoneyPerLivestockUnit
75,http://w3id.org/foodie/fadn#SE207N,Total livestock output / LU N,http://purl.org/linked-data/sdmx/2009/measure#obsValue,http://www.w3.org/2001/XMLSchema#double,http://www.ontology-of-units-of-measure.org/resource/om-2/AmountOfMoneyPerLivestockUnit
76,http://w3id.org/foodie/fadn#SE211,Change in value of livestock,http://purl.org/linked-data/sdmx/2009/measure#obsValue,http://www.w3.org/2001/XMLSchema#double,http://www.ontology-of-units-of-measure.org/resource/om-2/AmountOfMoney
77,http://w3id.org/foodie/fadn#SE216,Cows' milk & milk products,http://purl.org/linked-data/sdmx/2009/measure#obsValue,http://www.w3.org/2001/XMLSchema#double,http://www.ontology-of-units-of-measure.org/resource/om-2/AmountOfMoney
78,http://w3id.org/foodie/fadn#SE220,Beef and veal,http://purl.org/linked-data/sdmx/2009/measure#obsValue,http://www.w3.org/2001/XMLSchema#double,http://www.ontology-of-units-of-measure.org/resource/om-2/AmountOfMoney
79,http://w3id.org/foodie/fadn#SE225,Pigmeat,http://purl.org/linked-data/sdmx/2009/measure#obsValue,http://www.w3.org/2001/XMLSchema#double,http://www.ontology-of-units-of-measure.org/resource/om-2/AmountOfMoney
80,http://w3id.org/foodie/fadn#SE230,Sheep and goats,http://purl.org/linked-data/sdmx/2009/measure#obsValue,http://www.w3.org/2001/XMLSchema#double,http://www.ontology-of-units-of-measure.org/resource/om-2/AmountOfMoney
81,http://w3id.org/foodie/fadn#SE235,Poultrymeat,http://purl.org/linked-data/sdmx/2009/measure#obsValue,http://www.w3.org/2001/XMLSchema#double,http://www.ontology-of-units-of-measure.org/resource/om-2/AmountOfMoney
82,http://w3id.org/foodie/fadn#SE240,Eggs,http://purl.org/linked-data/sdmx/2009/measure#obsValue,http://www.w3.org/2001/XMLSchema#double,http://www.ontology-of-units-of-measure.org/resource/om-2/AmountOfMoney
83,http://w3id.org/foodie/fadn#SE245,Ewes' and goats' milk,http://purl.org/linked-data/sdmx/2009/measure#obsValue,http://www.w3.org/2001/XMLSchema#double,http://www.ontology-of-units-of-measure.org/resource/om-2/AmountOfMoney
84,http://w3id.org/foodie/fadn#SE251,Other livestock & products,http://purl.org/linked-data/sdmx/2009/measure#obsValue,http://www.w3.org/2001/XMLSchema#double,http://www.ontology-of-units-of-measure.org/resource/om-2/AmountOfMoney
85,http://w3id.org/foodie/fadn#SE256,Other output,http://purl.org/linked-data/sdmx/2009/measure#obsValue,http://www.w3.org/2001/XMLSchema#double,http://www.ontology-of-units-of-measure.org/resource/om-2/AmountOfMoney
86,http://w3id.org/foodie/fadn#SE260,Farmhouse consumption,http://purl.org/linked-data/sdmx/2009/measure#obsValue,http://www.w3.org/2001/XMLSchema#double,http://www.ontology-of-units-of-measure.org/resource/om-2/AmountOfMoney
87,http://w3id.org/foodie/fadn#SE265,Farm use,http://purl.org/linked-data/sdmx/2009/measure#obsValue,http://www.w3.org/2001/XMLSchema#double,http://www.ontology-of-units-of-measure.org/resource/om-2/AmountOfMoney
88,http://w3id.org/foodie/fadn#SE270,Total Inputs,http://purl.org/linked-data/sdmx/2009/measure#obsValue,http://www.w3.org/2001/XMLSchema#double,http://www.ontology-of-units-of-measure.org/resource/om-2/AmountOfMoney
89,http://w3id.org/foodie/fadn#SE275,Total intermediate consumption,http://purl.org/linked-data/sdmx/2009/measure#obsValue,http://www.w3.org/2001/XMLSchema#double,http://www.ontology-of-units-of-measure.org/resource/om-2/AmountOfMoney
90,http://w3id.org/foodie/fadn#SE281,Total specific costs,http://purl.org/linked-data/sdmx/2009/measure#obsValue,http://www.w3.org/2001/XMLSchema#double,http://www.ontology-of-units-of-measure.org/resource/om-2/AmountOfMoney
91,http://w3id.org/foodie/fadn#SE284,Specific crop costs / ha,http://purl.org/linked-data/sdmx/2009/measure#obsValue,http://www.w3.org/2001/XMLSchema#double,http://www.ontology-of-units-of-measure.org/resource/om-2/AmountOfMoneyPerHectare
92,http://w3id.org/foodie/fadn#SE284D,Specific crop costs / ha D,http://purl.org/linked-data/sdmx/2009/measure#obsValue,http://www.w3.org/2001/XMLSchema#double,http://www.ontology-of-units-of-measure.org/resource/om-2/AmountOfMoneyPerHectare
93,http://w3id.org/foodie/fadn#SE284N,Specific crop costs / ha N,http://purl.org/linked-data/sdmx/2009/measure#obsValue,http://www.w3.org/2001/XMLSchema#double,http://www.ontology-of-units-of-measure.org/resource/om-2/AmountOfMoneyPerHectare
94,http://w3id.org/foodie/fadn#SE285,Seeds and plants,http://purl.org/linked-data/sdmx/2009/measure#obsValue,http://www.w3.org/2001/XMLSchema#double,http://www.ontology-of-units-of-measure.org/resource/om-2/AmountOfMoney
95,http://w3id.org/foodie/fadn#SE290,Seeds and plants home-grown,http://purl.org/linked-data/sdmx/2009/measure#obsValue,http://www.w3.org/2001/XMLSchema#double,http://www.ontology-of-units-of-measure.org/resource/om-2/AmountOfMoney
96,http://w3id.org/foodie/fadn#SE295,Fertilisers,http://purl.org/linked-data/sdmx/2009/measure#obsValue,http://www.w3.org/2001/XMLSchema#double,http://www.ontology-of-units-of-measure.org/resource/om-2/AmountOfMoney
97,http://w3id.org/foodie/fadn#SE296,Fertiliser N,http://purl.org/linked-data/sdmx/2009/measure#obsValue,http://www.w3.org/2001/XMLSchema#double,http://www.ontology-of-units-of-measure.org/resource/om-2/AmountOfMoney
98,http://w3id.org/foodie/fadn#SE297,Fertiliser P2O5,http://purl.org/linked-data/sdmx/2009/measure#obsValue,http://www.w3.org/2001/XMLSchema#double,http://www.ontology-of-units-of-measure.org/resource/om-2/AmountOfMoney
99,http://w3id.org/foodie/fadn#SE298,Fertiliser K2O,http://purl.org/linked-data/sdmx/2009/measure#obsValue,http://www.w3.org/2001/XMLSchema#double,http://www.ontology-of-units-of-measure.org/resource/om-2/AmountOfMoney
100,http://w3id.org/foodie/fadn#SE300,Crop protection,http://purl.org/linked-data/sdmx/2009/measure#obsValue,http://www.w3.org/2001/XMLSchema#double,http://www.ontology-of-units-of-measure.org/resource/om-2/AmountOfMoney
101,http://w3id.org/foodie/fadn#SE305,Other crop specific costs,http://purl.org/linked-data/sdmx/2009/measure#obsValue,http://www.w3.org/2001/XMLSchema#double,http://www.ontology-of-units-of-measure.org/resource/om-2/AmountOfMoney
102,http://w3id.org/foodie/fadn#SE309,Specific livestock costs / LU,http://purl.org/linked-data/sdmx/2009/measure#obsValue,http://www.w3.org/2001/XMLSchema#double,http://www.ontology-of-units-of-measure.org/resource/om-2/AmountOfMoneyPerLivestockUnit
103,http://w3id.org/foodie/fadn#SE309D,Specific livestock costs / LU D,http://purl.org/linked-data/sdmx/2009/measure#obsValue,http://www.w3.org/2001/XMLSchema#double,http://www.ontology-of-units-of-measure.org/resource/om-2/AmountOfMoneyPerLivestockUnit
104,http://w3id.org/foodie/fadn#SE309N,Specific livestock costs / LU N,http://purl.org/linked-data/sdmx/2009/measure#obsValue,http://www.w3.org/2001/XMLSchema#double,http://www.ontology-of-units-of-measure.org/resource/om-2/AmountOfMoneyPerLivestockUnit
105,http://w3id.org/foodie/fadn#SE310,Feed for grazing livestock,http://purl.org/linked-data/sdmx/2009/measure#obsValue,http://www.w3.org/2001/XMLSchema#double,http://www.ontology-of-units-of-measure.org/resource/om-2/AmountOfMoney
106,http://w3id.org/foodie/fadn#SE315,Feed for grazing livestock home-grown,http://purl.org/linked-data/sdmx/2009/measure#obsValue,http://www.w3.org/2001/XMLSchema#double,http://www.ontology-of-units-of-measure.org/resource/om-2/AmountOfMoney
107,http://w3id.org/foodie/fadn#SE320,Feed for pigs & poultry,http://purl.org/linked-data/sdmx/2009/measure#obsValue,http://www.w3.org/2001/XMLSchema#double,http://www.ontology-of-units-of-measure.org/resource/om-2/AmountOfMoney
108,http://w3id.org/foodie/fadn#SE325,Feed for pigs&poultry home-grown,http://purl.org/linked-data/sdmx/2009/measure#obsValue,http://www.w3.org/2001/XMLSchema#double,http://www.ontology-of-units-of-measure.org/resource/om-2/AmountOfMoney
109,http://w3id.org/foodie/fadn#SE330,Other livestock specific costs,http://purl.org/linked-data/sdmx/2009/measure#obsValue,http://www.w3.org/2001/XMLSchema#double,http://www.ontology-of-units-of-measure.org/resource/om-2/AmountOfMoney
110,http://w3id.org/foodie/fadn#SE331,Forestry specific costs,http://purl.org/linked-data/sdmx/2009/measure#obsValue,http://www.w3.org/2001/XMLSchema#double,http://www.ontology-of-units-of-measure.org/resource/om-2/AmountOfMoney
111,http://w3id.org/foodie/fadn#SE336,Total farming overheads,http://purl.org/linked-data/sdmx/2009/measure#obsValue,http://www.w3.org/2001/XMLSchema#double,http://www.ontology-of-units-of-measure.org/resource/om-2/AmountOfMoney
112,http://w3id.org/foodie/fadn#SE340,Machinery & building current costs,http://purl.org/linked-data/sdmx/2009/measure#obsValue,http://www.w3.org/2001/XMLSchema#double,http://www.ontology-of-units-of-measure.org/resource/om-2/AmountOfMoney
113,http://w3id.org/foodie/fadn#SE345,Energy,http://purl.org/linked-data/sdmx/2009/measure#obsValue,http://www.w3.org/2001/XMLSchema#double,http://www.ontology-of-units-of-measure.org/resource/om-2/AmountOfMoney
114,http://w3id.org/foodie/fadn#SE350,Contract work,http://purl.org/linked-data/sdmx/2009/measure#obsValue,http://www.w3.org/2001/XMLSchema#double,http://www.ontology-of-units-of-measure.org/resource/om-2/AmountOfMoney
115,http://w3id.org/foodie/fadn#SE356,Other direct inputs,http://purl.org/linked-data/sdmx/2009/measure#obsValue,http://www.w3.org/2001/XMLSchema#double,http://www.ontology-of-units-of-measure.org/resource/om-2/AmountOfMoney
116,http://w3id.org/foodie/fadn#SE360,Depreciation,http://purl.org/linked-data/sdmx/2009/measure#obsValue,http://www.w3.org/2001/XMLSchema#double,http://www.ontology-of-units-of-measure.org/resource/om-2/AmountOfMoney
117,http://w3id.org/foodie/fadn#SE365,Total external factors,http://purl.org/linked-data/sdmx/2009/measure#obsValue,http://www.w3.org/2001/XMLSchema#double,http://www.ontology-of-units-of-measure.org/resource/om-2/AmountOfMoney
118,http://w3id.org/foodie/fadn#SE370,Wages paid,http://purl.org/linked-data/sdmx/2009/measure#obsValue,http://www.w3.org/2001/XMLSchema#double,http://www.ontology-of-units-of-measure.org/resource/om-2/AmountOfMoney
119,http://w3id.org/foodie/fadn#SE375,Rent paid,http://purl.org/linked-data/sdmx/2009/measure#obsValue,http://www.w3.org/2001/XMLSchema#double,http://www.ontology-of-units-of-measure.org/resource/om-2/AmountOfMoney
120,http://w3id.org/foodie/fadn#SE380,Interest paid,http://purl.org/linked-data/sdmx/2009/measure#obsValue,http://www.w3.org/2001/XMLSchema#double,http://www.ontology-of-units-of-measure.org/resource/om-2/AmountOfMoney
121,http://w3id.org/foodie/fadn#SE381,Balance of interest paid and received,http://purl.org/linked-data/sdmx/2009/measure#obsValue,http://www.w3.org/2001/XMLSchema#double,http://www.ontology-of-units-of-measure.org/resource/om-2/AmountOfMoney
122,http://w3id.org/foodie/fadn#SE390,Taxes,http://purl.org/linked-data/sdmx/2009/measure#obsValue,http://www.w3.org/2001/XMLSchema#double,http://www.ontology-of-units-of-measure.org/resource/om-2/AmountOfMoney
123,http://w3id.org/foodie/fadn#SE395,VAT balance excluding on investments,http://purl.org/linked-data/sdmx/2009/measure#obsValue,http://www.w3.org/2001/XMLSchema#double,http://www.ontology-of-units-of-measure.org/resource/om-2/AmountOfMoney
124,http://w3id.org/foodie/fadn#SE405,Balance subsidies & taxes on investments,http://purl.org/linked-data/sdmx/2009/measure#obsValue,http://www.w3.org/2001/XMLSchema#double,http://www.ontology-of-units-of-measure.org/resource/om-2/AmountOfMoney
125,http://w3id.org/foodie/fadn#SE406,Subsidies on investments,http://purl.org/linked-data/sdmx/2009/measure#obsValue,http://www.w3.org/2001/XMLSchema#double,http://www.ontology-of-units-of-measure.org/resource/om-2/AmountOfMoney
126,http://w3id.org/foodie/fadn#SE407,Payments to dairy outgoers,http://purl.org/linked-data/sdmx/2009/measure#obsValue,http://www.w3.org/2001/XMLSchema#double,http://www.ontology-of-units-of-measure.org/resource/om-2/AmountOfMoney
127,http://w3id.org/foodie/fadn#SE408,VAT balance on investments,http://purl.org/linked-data/sdmx/2009/measure#obsValue,http://www.w3.org/2001/XMLSchema#double,http://www.ontology-of-units-of-measure.org/resource/om-2/AmountOfMoney
128,http://w3id.org/foodie/fadn#SE409,Subsidies on agricultural investments,http://purl.org/linked-data/sdmx/2009/measure#obsValue,http://www.w3.org/2001/XMLSchema#double,http://www.ontology-of-units-of-measure.org/resource/om-2/AmountOfMoney
129,http://w3id.org/foodie/fadn#SE410,Gross Farm Income,http://purl.org/linked-data/sdmx/2009/measure#obsValue,http://www.w3.org/2001/XMLSchema#double,http://www.ontology-of-units-of-measure.org/resource/om-2/AmountOfMoney
130,http://w3id.org/foodie/fadn#SE415,Farm Net Value Added,http://purl.org/linked-data/sdmx/2009/measure#obsValue,http://www.w3.org/2001/XMLSchema#double,http://www.ontology-of-units-of-measure.org/resource/om-2/AmountOfMoney
131,http://w3id.org/foodie/fadn#SE420,Farm Net Income,http://purl.org/linked-data/sdmx/2009/measure#obsValue,http://www.w3.org/2001/XMLSchema#double,http://www.ontology-of-units-of-measure.org/resource/om-2/AmountOfMoney
132,http://w3id.org/foodie/fadn#SE425,Farm Net Value Added / AWU,http://purl.org/linked-data/sdmx/2009/measure#obsValue,http://www.w3.org/2001/XMLSchema#double,http://www.ontology-of-units-of-measure.org/resource/om-2/Ratio
133,http://w3id.org/foodie/fadn#SE425D,Farm Net Value Added / AWU D,http://purl.org/linked-data/sdmx/2009/measure#obsValue,http://www.w3.org/2001/XMLSchema#double,http://www.ontology-of-units-of-measure.org/resource/om-2/Ratio
134,http://w3id.org/foodie/fadn#SE425N,Farm Net Value Added / AWU N,http://purl.org/linked-data/sdmx/2009/measure#obsValue,http://www.w3.org/2001/XMLSchema#double,http://www.ontology-of-units-of-measure.org/resource/om-2/Ratio
135,http://w3id.org/foodie/fadn#SE430,Family Farm Income / FWU,http://purl.org/linked-data/sdmx/2009/measure#obsValue,http://www.w3.org/2001/XMLSchema#double,http://www.ontology-of-units-of-measure.org/resource/om-2/Ratio
136,http://w3id.org/foodie/fadn#SE430D,Family Farm Income / FWU D,http://purl.org/linked-data/sdmx/2009/measure#obsValue,http://www.w3.org/2001/XMLSchema#double,http://www.ontology-of-units-of-measure.org/resource/om-2/Ratio
137,http://w3id.org/foodie/fadn#SE430N,Family Farm Income / FWU N,http://purl.org/linked-data/sdmx/2009/measure#obsValue,http://www.w3.org/2001/XMLSchema#double,http://www.ontology-of-units-of-measure.org/resource/om-2/Ratio
138,http://w3id.org/foodie/fadn#SE436,Total assets,http://purl.org/linked-data/sdmx/2009/measure#obsValue,http://www.w3.org/2001/XMLSchema#double,http://www.ontology-of-units-of-measure.org/resource/om-2/AmountOfMoney
139,http://w3id.org/foodie/fadn#SE437,"Total assets, opening valuation",http://purl.org/linked-data/sdmx/2009/measure#obsValue,http://www.w3.org/2001/XMLSchema#double,http://www.ontology-of-units-of-measure.org/resource/om-2/AmountOfMoney
140,http://w3id.org/foodie/fadn#SE441,Total fixed assets,http://purl.org/linked-data/sdmx/2009/measure#obsValue,http://www.w3.org/2001/XMLSchema#double,http://www.ontology-of-units-of-measure.org/resource/om-2/AmountOfMoney
141,http://w3id.org/foodie/fadn#SE446,"Land, permanent crops & quotas",http://purl.org/linked-data/sdmx/2009/measure#obsValue,http://www.w3.org/2001/XMLSchema#double,http://www.ontology-of-units-of-measure.org/resource/om-2/AmountOfMoney
142,http://w3id.org/foodie/fadn#SE450,Buildings,http://purl.org/linked-data/sdmx/2009/measure#obsValue,http://www.w3.org/2001/XMLSchema#double,http://www.ontology-of-units-of-measure.org/resource/om-2/AmountOfMoney
143,http://w3id.org/foodie/fadn#SE455,Machinery,http://purl.org/linked-data/sdmx/2009/measure#obsValue,http://www.w3.org/2001/XMLSchema#double,http://www.ontology-of-units-of-measure.org/resource/om-2/AmountOfMoney
144,http://w3id.org/foodie/fadn#SE460,Breeding livestock,http://purl.org/linked-data/sdmx/2009/measure#obsValue,http://www.w3.org/2001/XMLSchema#double,http://www.ontology-of-units-of-measure.org/resource/om-2/AmountOfMoney
145,http://w3id.org/foodie/fadn#SE465,Total current assets,http://purl.org/linked-data/sdmx/2009/measure#obsValue,http://www.w3.org/2001/XMLSchema#double,http://www.ontology-of-units-of-measure.org/resource/om-2/AmountOfMoney
146,http://w3id.org/foodie/fadn#SE470,Non-breeding livestock,http://purl.org/linked-data/sdmx/2009/measure#obsValue,http://www.w3.org/2001/XMLSchema#double,http://www.ontology-of-units-of-measure.org/resource/om-2/AmountOfMoney
147,http://w3id.org/foodie/fadn#SE475,Stock of agricultural products,http://purl.org/linked-data/sdmx/2009/measure#obsValue,http://www.w3.org/2001/XMLSchema#double,http://www.ontology-of-units-of-measure.org/resource/om-2/AmountOfMoney
148,http://w3id.org/foodie/fadn#SE476,Inventories,http://purl.org/linked-data/sdmx/2009/measure#obsValue,http://www.w3.org/2001/XMLSchema#double,http://www.ontology-of-units-of-measure.org/resource/om-2/AmountOfMoney
149,http://w3id.org/foodie/fadn#SE480,Other circulating capital,http://purl.org/linked-data/sdmx/2009/measure#obsValue,http://www.w3.org/2001/XMLSchema#double,http://www.ontology-of-units-of-measure.org/resource/om-2/AmountOfMoney
150,http://w3id.org/foodie/fadn#SE485,Total liabilities,http://purl.org/linked-data/sdmx/2009/measure#obsValue,http://www.w3.org/2001/XMLSchema#double,http://www.ontology-of-units-of-measure.org/resource/om-2/AmountOfMoney
151,http://w3id.org/foodie/fadn#SE490,Long & medium-term loans,http://purl.org/linked-data/sdmx/2009/measure#obsValue,http://www.w3.org/2001/XMLSchema#double,http://www.ontology-of-units-of-measure.org/resource/om-2/AmountOfMoney
152,http://w3id.org/foodie/fadn#SE495,Short-term loans,http://purl.org/linked-data/sdmx/2009/measure#obsValue,http://www.w3.org/2001/XMLSchema#double,http://www.ontology-of-units-of-measure.org/resource/om-2/AmountOfMoney
153,http://w3id.org/foodie/fadn#SE501,Net worth,http://purl.org/linked-data/sdmx/2009/measure#obsValue,http://www.w3.org/2001/XMLSchema#double,http://www.ontology-of-units-of-measure.org/resource/om-2/AmountOfMoney
154,http://w3id.org/foodie/fadn#SE506,Change in net worth,http://purl.org/linked-data/sdmx/2009/measure#obsValue,http://www.w3.org/2001/XMLSchema#double,http://www.ontology-of-units-of-measure.org/resource/om-2/AmountOfMoney
155,http://w3id.org/foodie/fadn#SE510,Average farm capital,http://purl.org/linked-data/sdmx/2009/measure#obsValue,http://www.w3.org/2001/XMLSchema#double,http://www.ontology-of-units-of-measure.org/resource/om-2/AmountOfMoney
156,http://w3id.org/foodie/fadn#SE516,Gross Investment,http://purl.org/linked-data/sdmx/2009/measure#obsValue,http://www.w3.org/2001/XMLSchema#double,http://www.ontology-of-units-of-measure.org/resource/om-2/AmountOfMoney
157,http://w3id.org/foodie/fadn#SE521,Net Investment,http://purl.org/linked-data/sdmx/2009/measure#obsValue,http://www.w3.org/2001/XMLSchema#double,http://www.ontology-of-units-of-measure.org/resource/om-2/AmountOfMoney
158,http://w3id.org/foodie/fadn#SE526,Cash Flow (1),http://purl.org/linked-data/sdmx/2009/measure#obsValue,http://www.w3.org/2001/XMLSchema#double,http://www.ontology-of-units-of-measure.org/resource/om-2/AmountOfMoney
159,http://w3id.org/foodie/fadn#SE530,Cash Flow (2),http://purl.org/linked-data/sdmx/2009/measure#obsValue,http://www.w3.org/2001/XMLSchema#double,http://www.ontology-of-units-of-measure.org/resource/om-2/AmountOfMoney
160,http://w3id.org/foodie/fadn#SE532,Cash flow / farm total capital,http://purl.org/linked-data/sdmx/2009/measure#obsValue,http://www.w3.org/2001/XMLSchema#double,http://www.ontology-of-units-of-measure.org/resource/om-2/Ratio
161,http://w3id.org/foodie/fadn#SE532D,Cash flow / farm total capital D,http://purl.org/linked-data/sdmx/2009/measure#obsValue,http://www.w3.org/2001/XMLSchema#double,http://www.ontology-of-units-of-measure.org/resource/om-2/Ratio
162,http://w3id.org/foodie/fadn#SE532N,Cash flow / farm total capital N,http://purl.org/linked-data/sdmx/2009/measure#obsValue,http://www.w3.org/2001/XMLSchema#double,http://www.ontology-of-units-of-measure.org/resource/om-2/Ratio
163,http://w3id.org/foodie/fadn#SE600,Balance current subsidies & taxes,http://purl.org/linked-data/sdmx/2009/measure#obsValue,http://www.w3.org/2001/XMLSchema#double,http://www.ontology-of-units-of-measure.org/resource/om-2/AmountOfMoney
164,http://w3id.org/foodie/fadn#SE605,Total subsidies - excluding on investments,http://purl.org/linked-data/sdmx/2009/measure#obsValue,http://www.w3.org/2001/XMLSchema#double,http://www.ontology-of-units-of-measure.org/resource/om-2/AmountOfMoney
165,http://w3id.org/foodie/fadn#SE610,Total subsidies on crops,http://purl.org/linked-data/sdmx/2009/measure#obsValue,http://www.w3.org/2001/XMLSchema#double,http://www.ontology-of-units-of-measure.org/resource/om-2/AmountOfMoney
166,http://w3id.org/foodie/fadn#SE611,Compensatory payments/area payments,http://purl.org/linked-data/sdmx/2009/measure#obsValue,http://www.w3.org/2001/XMLSchema#double,http://www.ontology-of-units-of-measure.org/resource/om-2/AmountOfMoney
167,http://w3id.org/foodie/fadn#SE612,Set aside premiums,http://purl.org/linked-data/sdmx/2009/measure#obsValue,http://www.w3.org/2001/XMLSchema#double,http://www.ontology-of-units-of-measure.org/resource/om-2/AmountOfMoney
168,http://w3id.org/foodie/fadn#SE613,Other crops subsidies,http://purl.org/linked-data/sdmx/2009/measure#obsValue,http://www.w3.org/2001/XMLSchema#double,http://www.ontology-of-units-of-measure.org/resource/om-2/AmountOfMoney
169,http://w3id.org/foodie/fadn#SE615,Total subsidies on livestock,http://purl.org/linked-data/sdmx/2009/measure#obsValue,http://www.w3.org/2001/XMLSchema#double,http://www.ontology-of-units-of-measure.org/resource/om-2/AmountOfMoney
170,http://w3id.org/foodie/fadn#SE616,Subsidies dairying,http://purl.org/linked-data/sdmx/2009/measure#obsValue,http://www.w3.org/2001/XMLSchema#double,http://www.ontology-of-units-of-measure.org/resource/om-2/AmountOfMoney
171,http://w3id.org/foodie/fadn#SE617,Subsidies other cattle,http://purl.org/linked-data/sdmx/2009/measure#obsValue,http://www.w3.org/2001/XMLSchema#double,http://www.ontology-of-units-of-measure.org/resource/om-2/AmountOfMoney
172,http://w3id.org/foodie/fadn#SE618,Subsidies sheep & goats,http://purl.org/linked-data/sdmx/2009/measure#obsValue,http://www.w3.org/2001/XMLSchema#double,http://www.ontology-of-units-of-measure.org/resource/om-2/AmountOfMoney
173,http://w3id.org/foodie/fadn#SE619,Other livestock subsidies,http://purl.org/linked-data/sdmx/2009/measure#obsValue,http://www.w3.org/2001/XMLSchema#double,http://www.ontology-of-units-of-measure.org/resource/om-2/AmountOfMoney
174,http://w3id.org/foodie/fadn#SE621,Environmental subsidies,http://purl.org/linked-data/sdmx/2009/measure#obsValue,http://www.w3.org/2001/XMLSchema#double,http://www.ontology-of-units-of-measure.org/resource/om-2/AmountOfMoney
175,http://w3id.org/foodie/fadn#SE622,LFA subsidies,http://purl.org/linked-data/sdmx/2009/measure#obsValue,http://www.w3.org/2001/XMLSchema#double,http://www.ontology-of-units-of-measure.org/resource/om-2/AmountOfMoney
176,http://w3id.org/foodie/fadn#SE623,Other rural development payments,http://purl.org/linked-data/sdmx/2009/measure#obsValue,http://www.w3.org/2001/XMLSchema#double,http://www.ontology-of-units-of-measure.org/resource/om-2/AmountOfMoney
177,http://w3id.org/foodie/fadn#SE624,Total support for rural development,http://purl.org/linked-data/sdmx/2009/measure#obsValue,http://www.w3.org/2001/XMLSchema#double,http://www.ontology-of-units-of-measure.org/resource/om-2/AmountOfMoney
178,http://w3id.org/foodie/fadn#SE625,Subsidies on intermediate consumption,http://purl.org/linked-data/sdmx/2009/measure#obsValue,http://www.w3.org/2001/XMLSchema#double,http://www.ontology-of-units-of-measure.org/resource/om-2/AmountOfMoney
179,http://w3id.org/foodie/fadn#SE626,Subsidies on external factors,http://purl.org/linked-data/sdmx/2009/measure#obsValue,http://www.w3.org/2001/XMLSchema#double,http://www.ontology-of-units-of-measure.org/resource/om-2/AmountOfMoney
180,http://w3id.org/foodie/fadn#SE630,Decoupled payments,http://purl.org/linked-data/sdmx/2009/measure#obsValue,http://www.w3.org/2001/XMLSchema#double,http://www.ontology-of-units-of-measure.org/resource/om-2/AmountOfMoney
181,http://w3id.org/foodie/fadn#SE631,Single Farm payment,http://purl.org/linked-data/sdmx/2009/measure#obsValue,http://www.w3.org/2001/XMLSchema#double,http://www.ontology-of-units-of-measure.org/resource/om-2/AmountOfMoney
182,http://w3id.org/foodie/fadn#SE632,Single Area payment,http://purl.org/linked-data/sdmx/2009/measure#obsValue,http://www.w3.org/2001/XMLSchema#double,http://www.ontology-of-units-of-measure.org/resource/om-2/AmountOfMoney
183,http://w3id.org/foodie/fadn#SE640,Additional aid,http://purl.org/linked-data/sdmx/2009/measure#obsValue,http://www.w3.org/2001/XMLSchema#double,http://www.ontology-of-units-of-measure.org/resource/om-2/AmountOfMoney
184,http://w3id.org/foodie/fadn#SE650,Support_Art68,http://purl.org/linked-data/sdmx/2009/measure#obsValue,http://www.w3.org/2001/XMLSchema#double,http://www.ontology-of-units-of-measure.org/resource/om-2/AmountOfMoney
185,http://w3id.org/foodie/fadn#SE699,Other subsidies,http://purl.org/linked-data/sdmx/2009/measure#obsValue,http://www.w3.org/2001/XMLSchema#double,http://www.ontology-of-units-of-measure.org/resource/om-2/AmountOfMoney
186,http://w3id.org/foodie/fadn#SE700,Total OGA output,http://purl.org/linked-data/sdmx/2009/measure#obsValue,http://www.w3.org/2001/XMLSchema#double,http://www.ontology-of-units-of-measure.org/resource/om-2/AmountOfMoney
187,http://w3id.org/foodie/fadn#SE750,Total specific costs for OGA,http://purl.org/linked-data/sdmx/2009/measure#obsValue,http://www.w3.org/2001/XMLSchema#double,http://www.ontology-of-units-of-measure.org/resource/om-2/AmountOfMoney
188,http://w3id.org/foodie/fadn#SYS02,Farms represented,http://purl.org/linked-data/sdmx/2009/measure#obsValue,http://www.w3.org/2001/XMLSchema#double,http://www.ontology-of-units-of-measure.org/resource/om-2/Number
189,http://w3id.org/foodie/fadn#SYS03,Sample farms,http://purl.org/linked-data/sdmx/2009/measure#obsValue,http://www.w3.org/2001/XMLSchema#double,http://www.ontology-of-units-of-measure.org/resource/om-2/Number
190,http://w3id.org/foodie/fadn#SYS04,Exchange rate,http://purl.org/linked-data/sdmx/2009/measure#obsValue,http://www.w3.org/2001/XMLSchema#double,http://www.ontology-of-units-of-measure.org/resource/om-2/Percentage